Plot,Treatment,PlotFL,Spec,Hab,TreeID,Frame,LeafAreaF1,WeightFrame,WeightTot,TotLeafArea,LA_cm,LA_W_ratio,leaf_area_total,herbivory_percentage_median,herbivory_percentage_mean,CHEW,NR,PRE,SUC,Total_abundance,size_CHEW,size_NR,size_PRE,size_SUC,Mean_size
BAI,CON,Baiteta,SYZ,Primary-High elev.,1,BAI1CONFRAME1_PT.tif,1407.5033119402983,80.6,342.6,5982.762216758638,0.14075033119402983,0.0017462820247398242,0.5982762216758638,1.7204217573673093,4.5950946525799425,7,5,6,0,18,8,12,5.833333333,0,8.611111111
BAI,CON,Baiteta,SYZ,Primary-High elev.,2,BAI2CONFRAME1_PT.tif,1488.8941716417908,99,237.1,3565.826344406753,0.14888941716417908,0.0015039335067088795,0.35658263444067534,1.2155664111066202,4.708735756801,4,5,5,0,14,7.25,5,4.4,0,5.55
BAI,CON,Baiteta,HAH,Primary-High elev.,3,BAI3CONFRAME1_PT.tif,1385.362958208955,94.6,482,7058.614649648164,0.1385362958208955,0.0014644428733709884,0.7058614649648164,0.075253296918943,2.372866235729482,2,3,3,0,8,10,11.33333333,7,0,9.444444444
BAI,CON,Baiteta,BER,Primary-High elev.,4,BAI4CONFRAME1_PT.tif,1387.1672930348261,95.69999999999999,178.6,2588.7991487567397,0.1387167293034826,0.001449495604007133,0.25887991487567397,1.6818760269967525,5.187561714196719,11,3,11,2,27,5.727272727,5,4.272727273,5.5,5.125
BAI,CON,Baiteta,BER,Primary-High elev.,5,BAI5CONFRAME1_PT.tif,1390.7315995024876,92.4,336.1,5058.710937151364,0.13907315995024877,0.0015051207786823458,0.5058710937151365,0.04830396664052804,3.2796797965482627,6,3,24,7,40,8.166666667,8.333333333,5.125,5.142857143,6.691964286
BAI,CON,Baiteta,HAH,Primary-High elev.,6,BAI6CONFRAME1_PT.tif,1519.9125213930347,100.1,128,1943.5444829001842,0.15199125213930348,0.001518394127265769,0.19435444829001844,1.1786018000162661,5.803831979065688,4,1,8,3,16,3.875,4,3,5,3.96875
BAI,CON,Baiteta,BER,Primary-High elev.,7,BAI7CONFRAME1_PT.tif,1362.3460477611939,92.4,283.5,4179.925373812754,0.13623460477611937,0.0014744004845900363,0.4179925373812753,0.04899845262070558,3.2368266741303175,6,4,13,4,27,7.666666667,11,5.461538462,6.75,7.719551282
BAI,CON,Baiteta,SYZ,Primary-High elev.,8,BAI8CONFRAME1_PT.tif,1427.122726368159,94.6,91.8,1384.8823074058878,0.1427122726368159,0.001508586391509682,0.1384882307405888,7.7492241207984485,11.148561627478342,4,3,13,6,26,5.5,6,4.692307692,5,5.298076923
BAI,CON,Baiteta,LIT,Primary-High elev.,9,BAI9CONFRAME1_PT.tif,1441.033,95.69999999999999,295.70000000000005,4452.596218390806,0.1441033,0.0015057816091954023,0.4452596218390805,2.3605980233917423,6.481104924814353,7,3,14,3,27,5.428571429,7.666666667,9.357142857,7,7.363095238
BAI,CON,Baiteta,LIT,Primary-High elev.,10,BAI10CONFRAME1_PT.tif,1331.1113049751245,90.19999999999999,230.7,3404.5163864496817,0.13311113049751244,0.0014757331540744174,0.3404516386449681,2.3000857964749963,7.319008385365922,9,8,4,2,23,7.111111111,10.75,4.5,7,7.340277778
BAI,EXP,Baiteta,SYZ,Primary-High elev.,1,BAI1EXPFRAME1_PT.tif,1360.6260283582092,92.4,252.9,3724.051110084319,0.13606260283582092,0.0014725389917296635,0.3724051110084319,2.235711789317901,7.222680815821034,5,14,10,4,33,9.4,9.071428571,8.2,3,7.417857143
BAI,EXP,Baiteta,SYZ,Primary-High elev.,2,BAI2EXPFRAME1_PT.tif,1289.6479203980098,85.8,214.4,3222.616714840715,0.128964792039801,0.0015030861543100349,0.3222616714840715,3.0734820296873195,8.983283590163245,12,17,10,2,41,9.666666667,12.35294118,7.1,9,9.529901961
BAI,EXP,Baiteta,HAH,Primary-High elev.,3,BAI3EXPFRAME1_PT.tif,1259.8802283582086,86.9,310.6,4503.0931982515485,0.12598802283582086,0.001449804635625096,0.4503093198251549,0.9226837119892924,4.709849361668252,6,5,7,1,19,9,7,3.857142857,4,5.964285714
BAI,EXP,Baiteta,BER,Primary-High elev.,4,BAI4EXPFRAME1_PT.tif,1103.856733830846,75.9,193,2806.9084272642062,0.1103856733830846,0.0014543566980643556,0.28069084272642064,4.424740795961093,8.187952483500839,3,17,14,2,36,9,14.82352941,3.642857143,6.5,8.491596639
BAI,EXP,Baiteta,BER,Primary-High elev.,5,BAI5EXPFRAME10_PT.tif,1172.0321104477614,79.2,400.3,5923.79360874039,0.11720321104477614,0.001479838523292628,0.592379360874039,0.039673061671907844,2.649293496168655,2,7,8,4,21,15.5,5.857142857,4.25,5,7.651785714
BAI,EXP,Baiteta,HAH,Primary-High elev.,6,BAI6EXPFRAME1_PT.tif,2522.166393034825,173.8,151.2,2194.1976906033688,0.2522166393034825,0.0014511889488117518,0.21941976906033686,1.218379823423337,6.5151249342253506,1,6,14,2,23,6,11.16666667,3.5,8,7.166666667
BAI,EXP,Baiteta,BER,Primary-High elev.,7,BAI7EXPFRAME1_PT.tif,1231.4494985074625,83.6,312,4595.840233664215,0.12314494985074625,0.0014730257159180176,0.45958402336642146,0.053989580013453935,3.0625924732302727,8,14,23,7,52,14.5,9.785714286,4.217391304,6.714285714,8.804347826
BAI,EXP,Baiteta,SYZ,Primary-High elev.,8,BAI8EXPFRAME1_PT.tif,1508.9302999999998,99,74.19999999999999,1130.9356389898985,0.15089302999999998,0.00152417202020202,0.11309356389898986,14.732650410661616,17.77484583772774,17,9,13,4,43,10.88235294,11,4.307692308,5.5,7.922511312
BAI,EXP,Baiteta,LIT,Primary-High elev.,9,BAI9EXPFRAME1_PT.tif,1437.5619000000002,96.80000000000001,233.29999999999998,3464.702389152892,0.14375619,0.0014850846074380163,0.34647023891528916,1.101269434159181,4.68052167310664,4,11,15,3,33,4,15.27272727,8.933333333,11.66666667,9.968181818
BAI,EXP,Baiteta,LIT,Primary-High elev.,10,BAI10EXPFRAME1_PT.tif,776.2270995024875,52.8,292.6,4301.591843076285,0.07762270995024875,0.001470127082391075,0.43015918430762856,3.022588759730696,6.440717439326643,15,20,19,2,56,5.886666667,9.285,7.2,3.75,6.530416667
WA1,CON,Wanang1,SYZ,Primary,1,WA1_1CON1_PT.tif,1383.1697378109457,79.2,316.8,5532.678951243783,0.13831697378109456,0.0017464264366299817,0.5532678951243782,2.2259706401530996,7.1853501244064475,4,0,2,0,6,17.75,0,18,0,17.875
WA1,CON,Wanang1,SYZ,Primary,1,WA1_1CON1_PT.tif,1383.1697378109457,79.2,316.8,5532.678951243783,0.13831697378109456,0.0017464264366299817,0.5532678951243782,2.2259706401530996,7.1853501244064475,4,3,10,3,20,6,12.33333333,9.7,6.666666667,8.675
WA1,CON,Wanang1,LIT,Primary,2,WA1_2CON1_PT.tif,1300.0438,44.5,361.9,10572.715757752807,0.13000438,0.0029214467415730337,1.0572715757752809,2.667222046715061,8.63734730739423,9,8,5,1,23,5.444444444,8.75,5.4,12,7.898611111
WA1,CON,Wanang1,HAH,Primary,3,WA1_3CON1_PT.tif,1195.025284079602,22.4,193.8,10339.102681010128,0.1195025284079602,0.0053349343039267956,1.033910268101013,0.07131692839108024,3.670540940107445,6,3,10,1,20,6.5,5.666666667,4.4,6,5.641666667
WA1,CON,Wanang1,BER,Primary,4,WA1_4CON1_PT.tif,1155.300152238806,22.5,193.8,9950.985311283583,0.11553001522388061,0.005134667343283583,0.9950985311283584,4.034084806104175,8.121163938070449,3,1,3,0,7,16,3,4.333333333,0,7.777777778
WA1,CON,Wanang1,HAH,Primary,5,WA1_5CON10_PT.tif,1099.4518383084574,76.8,236.4,3384.25018979322,0.10994518383084574,0.0014315779144641373,0.3384250189793221,0.3612233684428017,5.321420221923052,6,5,16,5,32,4.333333333,3.62,3.5625,3.1,3.653958333
WA1,CON,Wanang1,SYZ,Primary,6,WA1_6CON1_PT.tif,2712.101008457712,97.2,359.1,10019.70650346877,0.2712101008457712,0.0027902273749564935,1.0019706503468768,0.44495436795416565,4.7973774227345745,0,0,3,0,3,0,0,4.666666667,0,4.666666667
WA1,CON,Wanang1,SYZ,Primary,7,WA1_7CON1_PT.tif,1755.882,142.20000000000002,304.1,3755.019101265823,0.1755882,0.0012347974683544303,0.3755019101265823,0.901761704697985,6.299824696103475,8,8,11,0,27,11.75,9.125,5.045454545,0,8.640151515
WA1,CON,Wanang1,HAH,Primary,8,WA1_8CON1_PT.tif,1695.1829079601994,99,86.1,1474.2954381350823,0.16951829079601993,0.001712305967636565,0.14742954381350823,0.6759107657443177,4.7597989389603805,3,5,8,1,17,5.433333333,6.4,5.2,2.6,4.908333333
WA1,CON,Wanang1,BER,Primary,9,WA1_9CON1_PT.tif,370.9026492537314,70.2,960.5,5074.814738008675,0.03709026492537314,5.283513522132925e-4,0.5074814738008675,0.1782149985742699,5.687038421758847,2,6,6,1,15,5.5,6.833333333,4.416666667,5,5.4375
WA1,CON,Wanang1,BER,Primary,10,WA1_10CON1_PT.tif,736.125328358209,91.8,559,4482.506084447046,0.0736125328358209,8.018794426560012e-4,0.44825060844470466,2.6980163684283487,7.171571469823877,1,1,11,1,14,16,5,5.536363636,3,7.384090909
WA1,EXP,Wanang1,SYZ,Primary,1,Exp_1_WA1_PT.jpg,3473.9734970149257,113.39999999999999,81.3,2490.600046801706,0.34739734970149255,0.003063468692253021,0.24906000468017062,5.660726662823999,7.38152861321426,4,4,9,1,18,10.5,5.25,4.111111111,6,6.465277778
WA1,EXP,Wanang1,LIT,Primary,2,Exp_2_WA1_PTB.jpg,3512.064807462686,88.2,41.800000000000004,1664.4479473009103,0.3512064807462686,0.003981932888279689,0.16644479473009102,5.62276246627178,6.997861026277155,9,5,9,1,24,7.222222222,5.4,4.388888889,4,5.252777778
WA1,EXP,Wanang1,HAH,Primary,3,Exp_3_WA1_PTB.jpg,3817.829685074627,55.6,70.89999999999999,4868.41950848545,0.3817829685074627,0.006866600153011919,0.486841950848545,5.6997364014241825,8.70831991740926,18,2,7,3,30,9.85,9,9.8,13.83333333,10.62083333
WA1,EXP,Wanang1,BER,Primary,4,Exp_4_WA1_PTB.jpg,2413.3693353233834,64.2,57.7,2169.025087977558,0.24133693353233834,0.0037591422668588523,0.2169025087977558,5.358539890364062,6.153571386948936,2,3,8,1,14,5.5,6,3.5,5,5
WA1,EXP,Wanang1,HAH,Primary,5,Exp_5_WA1_PTB.jpg,4127.347041293531,65.8,69.3,4346.886777532549,0.41273470412935315,0.006272563892543361,0.4346886777532549,6.6236407777916035,7.537359387178218,4,6,9,1,20,5.075,11.66666667,15.34444444,3.4,8.871527778
WA1,EXP,Wanang1,SYZ,Primary,6,Exp_6_WA1_PTB.jpg,4594.423562686567,85.7,57.300000000000004,3071.8841323446936,0.45944235626865665,0.005361054332189692,0.3071884132344694,5.6715251859117,6.681090354102155,8,2,3,1,14,8.5,7,3,7,6.375
WA1,EXP,Wanang1,SYZ,Primary,7,Exp_7_WA1_PTB.jpg,5599.317678109453,104.2,55.800000000000004,2998.4829792563096,0.5599317678109452,0.005373625410853601,0.29984829792563095,5.6962527523569175,7.413045075289271,7,8,16,4,35,14.14285714,15.5,6.06875,11.75,11.86540179
WA1,EXP,Wanang1,HAH,Primary,8,Exp_8_WA1_PTB.jpg,10707.815507401461,116.8,94.8,8690.932449500502,1.0707815507401461,0.009167650263186182,0.86909324495005,5.669390097987862,6.8604777637596195,10,8,12,1,31,11.5,5.75,5.416666667,7,7.416666667
WA1,EXP,Wanang1,BER,Primary,9,Exp_9_WA1_PTB.jpg,6689.271253731345,125,54.2,2900.468015617911,0.6689271253731345,0.0053514170029850755,0.29004680156179113,5.642327015694029,6.660501997706307,10,12,19,0,41,10.1,12.91666667,8.442105263,0,10.48625731
WA1,EXP,Wanang1,BER,Primary,10,Exp_5_WA1_PTB.jpg,130.10205572139304,23.3,485.9,2713.1583208165184,0.013010205572139305,5.583779215510431e-4,0.27131583208165183,5.701586651499483,6.829265042658598,3,8,10,4,25,4.666666667,7.625,3.06,4,4.837916667
WA3,CON,Wanang3,SYZ,Secondary,1,Con_1_N1_PTB.tif,2964.305741791044,75.8,122.7,4798.421035854368,0.2964305741791044,0.003910693590753357,0.4798421035854369,1.8261673601479438,5.439885345735429,0,0,0,0,0,0,0,0,0,0
WA3,CON,Wanang3,HAH,Secondary,2,Con_2_N1_PTB.jpg,4915.560147761195,110.5,150.7,6703.845377987439,0.49155601477611954,0.004448470721955833,0.670384537798744,5.135276662593821,8.833267616758427,10,9,7,4,30,4.9,5.555555556,4,5.5,4.988888889
WA3,CON,Wanang3,HAH,Secondary,3,Con_3_N1_PTB.jpg,3356.3982457711445,86.9,234.4,9053.391815981084,0.33563982457711444,0.0038623685221762303,0.9053391815981084,9.107042490739154,12.391108172154972,6,3,11,1,21,6.833333333,5,4.318181818,5,5.287878788
WA3,CON,Wanang3,SYZ,Secondary,4,Con_4_N1_PTB.jpg,1302.7712089552242,24.6,423.20000000000005,22411.90144836792,0.13027712089552243,0.005295817922582212,2.2411901448367924,9.043865303215703,12.188898116885595,2,2,3,0,7,8,5,4.666666667,0,5.888888889
WA3,CON,Wanang3,LIT,Secondary,5,Con_5_N1_PTB.jpg,4068.5059726368154,98.7,144,5935.81418500204,0.40685059726368156,0.004122093184029195,0.5935814185002041,12.92968253295469,15.03511334991309,8,7,6,6,27,9.875,7,6.333333333,6.666666667,7.46875
WA3,CON,Wanang3,HAH,Secondary,6,Con_6_O1_PTB.jpg,6070.8584064676625,99.7,269.3,16398.015735824887,0.6070858406467663,0.00608912578381912,1.6398015735824891,0.715737831616786,2.946065945035268,4,11,13,4,32,12.5,8.454545455,5.538461538,7.75,8.560751748
WA3,CON,Wanang3,LIT,Secondary,7,Con_8_N1_PTB.jpg,1460.3640681592035,68.9,127.1,2693.9371997537696,0.14603640681592034,0.0021195414632209047,0.269393719975377,4.032549166274767,9.768557185388644,9,7,13,0,29,13.55555556,8.142857143,4.384615385,0,8.694342694
WA3,CON,Wanang3,BER,Secondary,8,Con_9_N1_PTB.jpg,2507.8879940298502,89.7,94.8,2650.476943523186,0.25078879940298504,0.0027958617547712934,0.2650476943523186,0.21217407704275615,2.1308756405818383,1,1,1,1,4,4,3,8,3,4.5
WA3,CON,Wanang3,BER,Secondary,9,Con_10_N1_PTB.jpg,1298.8431412935324,56.8,131.5,3007.0048077482306,0.12988431412935325,0.0022866956712914305,0.3007004807748231,2.226243648545217,6.645041694503499,2,5,5,2,14,3.25,4.64,2.96,6.8,4.4125
WA3,CON,Wanang3,SYZ,Secondary,10,Exp_1_N1_PTB.jpg,6958.07386268657,114.8,145,8788.507927609342,0.6958073862686569,0.006061039950075409,0.8788507927609343,9.343658033410385,12.221909816855721,1,2,9,2,14,16,5,4.222222222,2.35,6.893055556
WA3,EXP,Wanang3,SYZ,Secondary,1,Exp_2_N1_PTB.jpg,3545.1531651741298,98.6,202.5,7280.8673017014335,0.35451531651741297,0.003595490025531572,0.7280867301701434,2.6474082875389993,6.885145630350894,7,7,13,1,28,18,10.28571429,6.153846154,5,9.85989011
WA3,EXP,Wanang3,HAH,Secondary,2,Exp_3_N1_PTB.jpg,1239.6696606965177,58.4,298.1,6327.834346808766,0.12396696606965177,0.0021227220217406124,0.6327834346808766,1.9451332920024755,6.696343050914079,13,14,23,6,56,11.46153846,10.28571429,3.673913043,7.333333333,8.188624781
WA3,EXP,Wanang3,HAH,Secondary,3,Exp_4_N1_PTB.jpg,1043.7732895522388,19.8,285.70000000000005,15060.910546720943,0.10437732895522388,0.005271582270465852,1.5060910546720943,11.13522537562604,14.718570825207902,11,11,11,4,37,6.181818182,7.454545455,4.636363636,5.75,6.005681818
WA3,EXP,Wanang3,SYZ,Secondary,4,Exp_5_N1_PTB.jpg,6330.387690547263,105.9,157.29999999999998,9402.92713619532,0.6330387690547263,0.005977703201649918,0.940292713619532,14.565210361219796,16.760787835577084,3,7,1,2,13,5,10.28571429,2,7,6.071428571
WA3,EXP,Wanang3,LIT,Secondary,5,Exp_6_O1_PTB.jpg,5385.883428358209,111.5,100.8,4869.031834784821,0.5385883428358209,0.004830388724984941,0.486903183478482,15.419896350788871,18.07129761247868,10,6,4,2,22,10.5,5.333333333,3,3.5,5.583333333
WA3,EXP,Wanang3,HAH,Secondary,6,Con_7_N1_PTB.jpg,6675.083444776121,105.6,153.79999999999998,9721.854486804614,0.6675083444776121,0.006321101746947085,0.9721854486804615,0.5617486168149257,4.30076171067313,10,15,11,5,41,9.3,9.266666667,5.363636364,5.8,7.432575758
WA3,EXP,Wanang3,LIT,Secondary,7,Exp_7_N1_PTB.jpg,4808.073957711443,114,337.40000000000003,14230.211871331938,0.4808073957711443,0.004217608734834599,1.4230211871331937,7.976493271480406,12.182525236294078,18,18,12,4,52,12.16666667,12.16666667,7,8.75,10.02083333
WA3,EXP,Wanang3,BER,Secondary,8,Exp_8_N1_PTB.jpg,1747.6452324875625,115.4,67.69999999999999,1025.2650107401034,0.17476452324875624,0.0015144239449632255,0.10252650107401035,0.3495691184562015,3.2712331831765966,8,8,5,1,22,10.25,12.75,7.4,2,8.1
WA3,EXP,Wanang3,BER,Secondary,9,Exp_9_N1_PTB.jpg,3096.982031840794,86.1,147.9,5319.902932743943,0.3096982031840794,0.003596959386574674,0.5319902932743943,4.384535427124797,7.989655774645973,7,5,7,1,20,9,4.2,4.557142857,4.5,5.564285714
WA3,EXP,Wanang3,SYZ,Secondary,10,Exp_10_N1_PTB.jpg,1023.9992502487564,76.8,895.5,11939.991257783351,0.10239992502487565,0.001333332357094735,1.1939991257783353,13.570939053280515,16.40450204263296,4,7,13,5,29,7,8.428571429,4.769230769,3.4,5.899450549
YAW,CON,Yawan,SYZ,Fragment,1,YAW1CONFRAME1_PT.tif,1437.5342203980097,88.9,321,5190.646622584489,0.14375342203980096,0.001617023869964015,0.5190646622584488,1.714273362594525,4.590462814256455,11,13,21,0,45,13,2.769230769,3,0,4.692307692
YAW,CON,Yawan,SYZ,Fragment,2,YAW2CONFRAME1_PT.tif,1544.7875164179102,100.6,241.2,3703.8046616302186,0.154478751641791,0.0015355740719859943,0.3703804661630218,1.207243446640524,4.562193394094013,5,5,8,1,19,13,2.2,4.125,1,5.08125
YAW,CON,Yawan,HAH,Fragment,3,YAW3CONFRAME1_PT.tif,1413.6693412935322,98.6,479.5,6874.791573531935,0.14136693412935322,0.0014337417254498299,0.6874791573531934,0.07622561414736709,2.4223841571154234,12,25,15,3,55,9.666666667,3.08,2.866666667,5,5.153333333
YAW,CON,Yawan,BER,Fragment,4,YAW4CONFRAME1_PT.tif,1370.4902049751245,82.6,210.4,3490.9338877332475,0.13704902049751244,0.0016591891101393759,0.3490933887733247,1.6798492214300254,4.99132575134311,3,8,15,0,26,27,1.5,2.4,0,10.3
YAW,CON,Yawan,BER,Fragment,5,YAW5CONFRAME1_PT.tif,1339.600155721393,88.7,350.1,5287.418427486581,0.1339600155721393,0.0015102594765742873,0.528741842748658,0.04335904235727468,2.3271690314489946,16,23,27,7,73,10.9375,2.347826087,3.925925926,3.428571429,5.15995586
YAW,CON,Yawan,HAH,Fragment,6,YAW6CONFRAME1_PT.tif,1621.9503999999997,101,131.79999999999998,2116.5649774257417,0.16219503999999998,0.0016058914851485146,0.2116564977425742,1.0750554654488391,5.824676644183077,6,13,4,3,26,15.66666667,2.769230769,3.25,3.333333333,6.254807692
YAW,CON,Yawan,SYZ,Fragment,7,YAW7CONFRAME1_PT.tif,1446.0770208955223,66.7,404.40000000000003,8767.519449027726,0.14460770208955223,0.0021680315155854905,0.8767519449027724,0.046976308180286745,3.060824934257519,3,12,32,0,47,6.333333333,2.75,2.15625,0,2.809895833
YAW,CON,Yawan,HAH,Fragment,8,YAW8CONFRAME1_PT.tif,1513.3279477611939,100.5,88.39999999999999,1331.1262744486519,0.15133279477611938,0.0015057989529962128,0.1331126274448652,7.112813702334305,9.961968853412964,4,7,10,1,22,15.25,3.428571429,2.8,2,5.869642857
YAW,CON,Yawan,LIT,Fragment,9,YAW9CONFRAME1_PT.tif,1441.7072,56,505.6,13016.556434285714,0.14417072,0.0025744771428571427,1.3016556434285713,2.3681271898051985,6.460407180422907,0,1,5,0,6,0,8,2.4,0,5.2
YAW,CON,Yawan,LIT,Fragment,10,YAW10CONFRAME1_PT.tif,1521.1409124378108,99.8,228.29999999999998,3479.7241513983186,0.15211409124378109,0.0015241892910198506,0.34797241513983185,2.3609887534905827,7.194215204567123,5,3,2,0,10,16,5,2,0,7.666666667
YAW,EXP,Yawan,SYZ,Fragment,1,YAW1EXPFRAME1_PT.tif,1389.1651029850746,94.5,260.8,3833.801681042407,0.13891651029850746,0.0014700159819947879,0.3833801681042407,3.080713917097323,7.586683029318709,9,20,13,4,46,4.888888889,4.4,2.692307692,15.75,6.932799145
YAW,EXP,Yawan,SYZ,Fragment,2,YAW2EXPFRAME1_PT.tif,1304.0466189054723,58.9,327.3,7246.425439181003,0.13040466189054722,0.0022140010507732976,0.7246425439181003,3.0751822178072623,8.915927042303979,9,25,12,2,48,14.88888889,3.56,3.5,2,5.987222222
YAW,EXP,Yawan,HAH,Fragment,3,YAW3EXPFRAME1_PT.tif,1265.9126920398012,51.4,549.9,13543.295512698183,0.12659126920398012,0.0024628651596105082,1.3543295512698184,0.9577169276169969,5.25422015478887,5,18,12,2,37,15.4,4.611111111,4,3.5,6.877777778
YAW,EXP,Yawan,BER,Fragment,4,YAW4EXPFRAME1_PT.tif,1111.8854791044778,56.8,261.40000000000003,5117.022257709693,0.11118854791044777,0.001957544857578306,0.5117022257709692,5.606451453503663,8.592763876757088,12,15,24,12,63,13.33333333,4.666666667,4.625,7.416666667,7.510416667
YAW,EXP,Yawan,BER,Fragment,5,YAW5EXPFRAME10_PT.tif,1186.6425283582093,66.1,444.3,7976.176631611989,0.11866425283582094,0.0017952231896493337,0.797617663161199,0.060696309707243705,3.4480082793669315,26,23,17,9,75,19.57692308,4.956521739,3.470588235,4,8.001008263
YAW,EXP,Yawan,HAH,Fragment,6,YAW6EXPFRAME1_PT.tif,2524.8537636815927,89.6,300.3,8462.20519233909,0.25248537636815926,0.0028179171469660635,0.846220519233909,2.1060956607536316,6.635572678451451,24,35,16,8,83,18.70833333,3.028571429,6.875,7.375,8.99672619
YAW,EXP,Yawan,SYZ,Fragment,7,YAW7EXPFRAME1_PT.tif,1360.150968159204,88.6,304.8,4679.164955924666,0.1360150968159204,0.0015351591062744965,0.46791649559246656,0.8905637347055464,3.852541240843303,8,19,7,3,37,16,17.89473684,12.14285714,4,12.5093985
YAW,EXP,Yawan,HAH,Fragment,8,YAW8EXPFRAME1_PT.tif,1507.7081646766167,58.7,125,3210.62215646639,0.15077081646766166,0.0025684977251731115,0.32106221564663895,14.732420610661617,17.824544619122488,7,9,10,0,26,22,9.222222222,3.5,0,11.57407407
YAW,EXP,Yawan,LIT,Fragment,9,YAW9EXPFRAME1_PT.tif,1624.8828,102,262.6,4183.27669882353,0.16248828,0.0015930223529411766,0.41832766988235304,1.457237988326916,5.3273741451289025,10,25,11,23,69,12.3,7.72,3.272727273,4.130434783,6.855790514
YAW,EXP,Yawan,LIT,Fragment,10,YAW10EXPFRAME1_PT.tif,1260.519,56.8,283.8,6298.156552816902,0.1260519,0.002219223591549296,0.6298156552816901,3.102889857740587,7.075136499320065,5,4,4,0,13,30.8,13.5,3.5,0,11.95
